CREATE TABLE `users` (
  `id` int(11) NOT NULL AUTO_INCREMENT,
  `username` varchar(55) COLLATE utf8_unicode_ci NOT NULL,
  `password` varchar(255) COLLATE utf8_unicode_ci NOT NULL,
  `group_id` int(11) NOT NULL,
  `created` datetime DEFAULT NULL,
  `modified` datetime DEFAULT NULL,
  PRIMARY KEY (`id`),
  UNIQUE KEY `username` (`username`)
);

INSERT INTO `users` (`id`, `username`, `password`, `group_id`, `created`, `modified`) VALUES
(1,	'super',	'$2y$10$JSDAQhVzicXNOPsiFxSqL.w0tAO6GDCxUMxR.uP3yWMYUTBtv6W8.',	1,	'2016-09-15 15:57:16',	'2019-04-06 09:53:44'),
(2,	'admin',	'$2y$10$XPWeblQCdPrXIbQzMaBCw.DOHFalF62TH
 Z8XbwzA3qUgFVZhbZteC',	2,	'2016-09-15 15:57:28',	'2019-04-06 09:54:01'),
(3,	'manager',	'$2y$10$CuHXN/I.fsDjwDD4eW.bie2P3F4Kvy3Uof18diZwrsshUrK8dmqx2',	3,	'2016-09-15 15:57:39',	'2019-04-06 09:54:15'),
(4,	'user',	'$2y$10$Dp.70puQvgpsdkIxraND0.vuL8TNRIYLncGQEg6NoCdPJGy0fdXgW',	4,	'2016-09-15 15:58:21',	'2019-04-06 09:54:28');

CREATE TABLE IF NOT EXISTS `customers` (
  `id` int(11) NOT NULL AUTO_INCREMENT,
  `name` char(45) NOT NULL,
  `email` varchar(50) DEFAULT NULL,
  `birthday` date DEFAULT NULL,
  `security` char(11) NOT NULL,
  `user_id` int(11) DEFAULT NULL,
  PRIMARY KEY (`id`)
);

INSERT INTO `customers` (`id`, `name`, `email`, `birthday`, `security`,`user_id`) VALUES
(1, 'Erin Pate Skinner', 'dolor.vitae.dolor@mollisvitaeposuere.ca', '2013-10-07', '74426302285',1),
(2, 'Leonard Martinez Hays', 'dignissim.magna.a@dolorvitae.org', '2012-08-22', '75278965048',1),
(3, 'Aladdin Curry French', 'eu.augue@eutemporerat.org', '2012-10-28', '10376915676',1),
(4, 'Chloe Macdonald Dalton', 'parturient.montes@Mauris.ca', '2013-05-12', '64444679077',1),
(5, 'Mallory Sweet Strong', 'lorem@fringillaporttitor.ca', '2013-05-19', '15687101505',1),
(6, 'Jermaine Pierce Woodward', 'mi.pede.nonummy@molestiearcu.ca', '2013-03-22', '36712502261',1),
(7, 'Bell Raymond Pruitt', 'dignissim.tempor.arcu@nuncac.org', '2013-03-09', '64629428663',1),
(8, 'Lydia Bell Whitfield', 'Sed@semper.com', '2013-12-02', '41962749289',1),
(9, 'Tad Mason Graham', 'elit.erat@vestibulum.edu', '2012-06-08', '05642745964',1),
(10, 'Felix Bradshaw Mccray', 'dui@elitCurabitursed.edu', '2013-09-16', '82071617437',2),
(11, 'Idona Jensen Garrett', 'sem@Crasvulputate.com', '2014-01-08', '07941004794',2),
(12, 'Wayne Ray Padilla', 'luctus.felis.purus@nonjustoProin.org', '2014-04-03', '60934465323',2),
(13, 'Nelle Finch Cantu', 'placerat.eget@Donec.ca', '2012-05-29', '64704574060',2),
(14, 'Maite Emerson Best', 'dui.augue@quisdiam.com', '2014-04-01', '04531857574',2),
(15, 'Jada Holman Wilkins', 'dolor@tristiquealiquet.com', '2013-01-11', '88994190741',2),
(16, 'Beverly Lane Lindsay', 'et.euismod@ametfaucibusut.com', '2013-10-22', '40194697135',2),
(17, 'Hayden Clayton Foreman', 'enim@aliquamenimnec.edu', '2013-04-16', '72583040904',2),
(18, 'Hadassah Leonard Key', 'dui.quis@augueidante.com', '2013-04-07', '72626859924',2),
(19, 'Adrian Ballard Peters', 'enim.Curabitur@faucibus.com', '2012-07-13', '50918748283',2),
(20, 'Phyllis Richmond Wynn', 'eget.laoreet@justoeuarcu.org', '2013-07-01', '62712888794',2),
(21, 'Amelia Baird Barrera', 'id.ante@dignissim.org', '2012-06-09', '12106836368',2),
(22, 'Whitney Mack Lamb', 'quam.Curabitur.vel@PraesentluctusCurabitur.org', '2012-06-26', '52403407001',2),
(23, 'Myra Mcmahon Valentine', 'ac.mi@fringillami.edu', '2012-07-27', '42961419194',2);

CREATE TABLE IF NOT EXISTS `employees` (
  `id` int(11) NOT NULL AUTO_INCREMENT,
  `name` char(45) NOT NULL,
  `email` varchar(50) DEFAULT NULL,
  `security` char(11) DEFAULT NULL,
  `birthday` date DEFAULT NULL,
  `obs` text NOT NULL,
  `user_id` int(11) DEFAULT NULL,
  PRIMARY KEY (`id`)
);

INSERT INTO `employees` (`id`, `name`, `email`, `security`, `birthday`, `obs`) VALUES
(1, 'Ivan Wall Robertson', 'magna.Lorem.ipsum@luctus.edu', '46823319670', '2014-01-08', ''),
(2, 'Indigo Richards Ware', 'eget.magna@urna.edu', '21315293094', '2013-06-15', ''),
(3, 'Andrew Hines Carver', 'semper.pretium.neque@mollisvitae.ca', '58552347071', '2013-02-09', ''),
(4, 'Cole Waller Delacruz', 'non.cursus@insodaleselit.edu', '18058477120', '2012-11-09', ''),
(5, 'Adara Riggs Spencer', 'arcu.Nunc@lobortis.org', '89401327504', '2013-08-12', ''),
(6, 'Kyle Chaney Gates', 'dolor.Nulla@magna.org', '91791587807', '2012-06-29', ''),
(7, 'Knox Terry Oneal', 'laoreet@semegetmassa.edu', '59104330060', '2014-02-21', ''),
(8, 'Linda Mccarty Duran', 'ipsum.cursus@accumsanneque.com', '27492363257', '2012-07-04', ''),
(9, 'Galena Bennett Miller', 'vulputate.ullamcorper@aliquam.org', '19125649298', '2013-04-07', ''),
(10, 'Mechelle Clark Luna', 'vitae@ornareegestasligula.ca', '15289344452', '2013-10-14', ''),
(11, 'Xena Pruitt Cook', 'tellus@interdumfeugiatSed.com', '60446597781', '2012-06-23', ''),
(12, 'Kasimir Wilson Pena', 'elementum.lorem.ut@eunulla.com', '06936656624', '2013-02-27', ''),
(13, 'Blair Tran Humphrey', 'risus.Morbi@consequat.com', '88103171033', '2013-02-03', ''),
(14, 'Forrest Holman William', 'eu@pedeet.com', '25566411822', '2012-10-07', ''),
(15, 'Christopher Charles Bush', 'a.aliquet@mattisCras.ca', '65208691450', '2012-09-06', ''),
(16, 'Ray Sellers Leon', 'fringilla.euismod@Proin.org', '37959172328', '2013-09-22', ''),
(17, 'Clarke Suarez Hernandez', 'nunc.id@sem.ca', '46444397816', '2013-12-19', ''),
(18, 'Katelyn Hobbs Greer', 'tortor.Integer@id.org', '59941886717', '2013-02-01', ''),
(19, 'MacKenzie Marshall Hancock', 'purus@egetmassaSuspendisse.ca', '52027552588', '2013-12-12', ''),
(20, 'Constance Holden Short', 'blandit@Nuncsollicitudincommodo.org', '66832473457', '2012-05-18', ''),
(21, 'Gray Britt Bailey', 'gravida.nunc@vulputatelacusCras.ca', '04796188077', '2014-03-19', ''),
(22, 'Piper Hayden Hawkins', 'Nulla.semper@etarcuimperdiet.org', '04087182461', '2013-10-31', ''),
(23, 'Guy Pate Mclaughlin', 'sit@sed.com', '03281627487', '2013-05-23', ''),
(24, 'Virginia Vazquez Chapman', 'pede.blandit.congue@euerosNam.org', '15239990524', '2013-01-09', ''),
(25, 'Athena Farrell Rodgers', 'ut.erat@vestibulummassarutrum.com', '64244153854', '2013-02-02', ''),
(26, 'Jael Oliver Bolton', 'nec.urna.et@sit.ca', '12152436526', '2014-03-22', ''),
(27, 'Shellie Stokes Bryant', 'egestas@mipede.ca', '80335042058', '2012-08-28', ''),
(28, 'Zoe Melton Ayers', 'Integer@eros.com', '90659560822', '2012-09-21', ''),
(29, 'Merritt Bradshaw Franco', 'Suspendisse@utnisia.ca', '01481092228', '2012-10-20', ''),
(30, 'Martena Carr Walter', 'cubilia@cursuspurusNullam.com', '96613743224', '2013-12-24', ''),
(31, 'Candice Gomez Mcclure', 'et.ultrices@vellectusCum.edu', '98385578266', '2012-12-09', ''),
(32, 'Megan Martinez Guzman', 'euismod@purussapiengravida.edu', '02453719086', '2013-06-28', ''),
(33, 'Candace Sellers Lucas', 'magna.Suspendisse@Duis.com', '92069692372', '2012-07-16', ''),
(34, 'Jolie Rush Hopper', 'metus.Vivamus.euismod@velquamdignissim.com', '87348104814', '2013-12-30', ''),
(35, 'Dane Arnold Nichols', 'pede@commodoipsum.org', '72397147424', '2013-04-13', ''),
(36, 'Wing Blevins Carrillo', 'Duis@magna.org', '42785758317', '2013-08-27', ''),
(37, 'Winter Strickland Beard', 'facilisis@egestasligulaNullam.com', '58598601215', '2012-11-11', ''),
(38, 'Roth May Soto', 'orci.in@loremluctus.ca', '26095908882', '2014-03-12', ''),
(39, 'Bruno Hatfield Benton', 'ac.libero.nec@quamafelis.com', '95553149581', '2012-11-15', ''),
(40, 'Keiko Arnold Riddle', 'nec.urna@justo.edu', '13935342635', '2013-02-16', ''),
(41, 'Baxter Foley Carlson', 'fames.ac@elitEtiam.com', '43068034070', '2013-12-16', ''),
(42, 'Cameran Sweeney Hawkins', 'ut@nequevitaesemper.org', '10061388135', '2013-09-25', ''),
(43, 'Jack Sandoval Webb', 'orci.in@lobortistellusjusto.ca', '37538479763', '2013-07-13', ''),
(44, 'Ignatius Rhodes Heath', 'arcu.Curabitur@tristiquepellentesque.com', '39694499875', '2014-02-17', ''),
(45, 'Nasim Booth Doyle', 'vel@penatibus.edu', '03838672030', '2013-09-23', ''),
(46, 'Evangeline Perry Ayers', 'auctor.velit.Aliquam@Vivamuseuismod.org', '32399411938', '2014-04-15', ''),
(47, 'Beck Glover Curry', 'arcu.Vestibulum.ante@blandit.org', '26839538281', '2012-07-27', ''),
(48, 'Stuart Cummings Herrera', 'gravida@pretium.com', '46637056752', '2012-06-17', ''),
(49, 'Dante Shepard Rutledge', 'augue@ametultriciessem.org', '59378510747', '2012-10-20', ''),
(50, 'Baxter Wilder Haney', 'Nunc.mauris.Morbi@ipsum.ca', '74397278344', '2013-12-05', ''),
(51, 'Uriah Alston Hodges', 'diam@convallis.ca', '36406344652', '2013-04-08', ''),
(52, 'Jelani Ferguson Oneil', 'Mauris.non.dui@euerat.ca', '24473416134', '2014-05-08', ''),
(53, 'Boris Owens Bowman', 'convallis.ligula@ipsumCurabiturconsequat.edu', '25740018259', '2013-04-02', ''),
(54, 'Daniel Reynolds Frye', 'hendrerit.neque@Innec.org', '22073789468', '2013-06-05', ''),
(55, 'Omar Stafford Hale', 'sit.amet@etipsum.com', '28910747118', '2012-06-16', ''),
(56, 'Samuel Hobbs Brown', 'tempor.augue.ac@etmagna.edu', '40628563808', '2013-06-24', ''),
(57, 'Destiny Figueroa Perry', 'elementum@enimCurabiturmassa.ca', '51039547793', '2013-04-15', ''),
(58, 'Price Haley Ingram', 'non.justo@sit.edu', '68241523992', '2012-08-03', ''),
(59, 'Ursula Le Gay', 'nibh@nec.com', '02240684214', '2014-03-28', ''),
(60, 'Joshua Roberson Gaines', 'lobortis.Class.aptent@posuereat.com', '72491931857', '2013-10-21', ''),
(61, 'Christen Moore Wilcox', 'Fusce.aliquet@DuisgravidaPraesent.ca', '44199926169', '2013-09-02', ''),
(62, 'Martena Holder Camacho', 'facilisis@eget.org', '49311916017', '2014-04-09', ''),
(63, 'Addison Mayer Dickerson', 'mattis@Integer.org', '82479880211', '2014-04-20', ''),
(64, 'Abra Montoya Beasley', 'erat.nonummy@eros.ca', '83063685105', '2012-05-15', ''),
(65, 'Sonya Tate Smith', 'nascetur@cursusnonegestas.org', '73783397110', '2013-08-18', ''),
(66, 'Bertha Witt Graves', 'aliquet@Inatpede.com', '29588460041', '2013-02-13', ''),
(67, 'Maggie Cummings Marsh', 'Aliquam.nec@rhoncusDonecest.edu', '68169101779', '2013-12-19', ''),
(68, 'Driscoll Watts Tanner', 'Nulla.semper.tellus@idrisusquis.com', '73899053140', '2012-06-29', ''),
(69, 'Colton Callahan Spencer', 'dui.in@enimcommodohendrerit.ca', '93586474247', '2013-12-09', ''),
(70, 'Mohammad Fisher Beard', 'ac.arcu@Duis.ca', '37330424209', '2013-09-19', ''),
(71, 'Aquila Wolfe Gill', 'facilisis.Suspendisse@enimnonnisi.org', '43110415721', '2013-04-11', ''),
(72, 'Knox Mack West', 'lectus.sit.amet@consectetuerrhoncusNullam.edu', '35136172063', '2012-12-01', ''),
(73, 'Melyssa Brooks Norton', 'posuere.at.velit@Classaptenttaciti.com', '29645234137', '2013-09-01', ''),
(74, 'Cynthia Petersen Gordon', 'Nam.interdum@rutrum.ca', '25461529892', '2012-08-06', ''),
(75, 'Dennis Cummings Dickerson', 'vel.venenatis.vel@sagittissemperNam.edu', '12394038133', '2012-08-03', ''),
(76, 'Violet Mccormick Spencer', 'interdum.Curabitur@leo.com', '07420659231', '2014-02-11', ''),
(77, 'Dylan Koch Gonzalez', 'nec.tempus@velitAliquamnisl.ca', '68107681891', '2013-12-12', ''),
(78, 'George Williams West', 'vel.sapien.imperdiet@nunc.ca', '97109646123', '2013-03-03', ''),
(79, 'Tallulah Walters Carney', 'Proin.mi.Aliquam@AliquamnislNulla.ca', '15729727021', '2012-05-12', ''),
(80, 'Shay Dennis Singleton', 'magnis.dis.parturient@Nullamsuscipitest.ca', '46075995982', '2013-01-14', ''),
(81, 'Robin Walton Simmons', 'eget.lacus@egestasligulaNullam.com', '44762942238', '2014-02-19', ''),
(82, 'Alyssa Reid Lott', 'sociis@quam.com', '70298184458', '2012-08-27', ''),
(83, 'Skyler Black Dickson', 'a.tortor@seddolor.edu', '77468218729', '2012-07-28', ''),
(84, 'Calvin Workman West', 'odio.auctor@magnaUttincidunt.ca', '20308424179', '2012-06-21', ''),
(85, 'Eve Lopez Padilla', 'luctus.ipsum.leo@necimperdiet.com', '37538532508', '2014-01-05', ''),
(86, 'Gavin Fletcher Solomon', 'volutpat.ornare.facilisis@Sedegetlacus.org', '13306974024', '2013-05-01', ''),
(87, 'Geraldine Oliver Cabrera', 'magna.Cras.convallis@necluctusfelis.com', '20413791063', '2013-06-07', ''),
(88, 'Lilah Sherman Perry', 'ornare.lectus.ante@blanditNam.org', '89922641736', '2013-06-27', ''),
(89, 'Allegra Moran Phillips', 'metus.vitae@aliquet.org', '21357237175', '2013-08-03', ''),
(90, 'Steel Maddox Kerr', 'a.feugiat.tellus@turpisnecmauris.edu', '92662237048', '2014-03-27', ''),
(91, 'Nyssa Pate Baxter', 'molestie@laciniavitaesodales.org', '55213862638', '2012-11-27', ''),
(92, 'Tyler Garcia Benjamin', 'elit.pharetra@anunc.com', '08795406780', '2013-05-23', ''),
(93, 'Halee Harmon Knapp', 'sit.amet.dapibus@nisiCumsociis.edu', '11591896734', '2013-02-10', ''),
(94, 'Bree Horton Flowers', 'Nunc.laoreet.lectus@urnajustofaucibus.com', '41345602287', '2013-10-13', ''),
(95, 'Garrison Arnold Warner', 'diam.nunc.ullamcorper@auctor.ca', '74216745139', '2014-02-22', ''),
(96, 'Maggy Sanders Brooks', 'Nunc.lectus.pede@liberoDonecconsectetuer.com', '98161250167', '2013-07-15', ''),
(97, 'Breanna Greer Cox', 'luctus.Curabitur@quisturpisvitae.edu', '33329138405', '2013-05-27', ''),
(98, 'Rachel Tyler Greene', 'dictum.augue.malesuada@eleifendnec.edu', '53734158730', '2013-06-20', ''),
(99, 'Orli Moon Griffith', 'amet@eu.edu', '27274104666', '2013-10-07', ''),
(100, 'Selma Cummings Wong', 'at.nisi@mifringilla.edu', '35332973805', '2013-11-04', '');

CREATE TABLE IF NOT EXISTS `products` (
  `id` int(11) NOT NULL AUTO_INCREMENT,
  `description` varchar(100) NOT NULL,
  `unity` char(4) NOT NULL,
  `date` datetime NOT NULL,
  `user_id` int(11) DEFAULT NULL,
  PRIMARY KEY (`id`)
);

INSERT INTO `products` (`id`, `description`, `unity`, `date`,`user_id`) VALUES
(1, 'Sed nulla ante,', 'VCO', '2012-11-10 11:54:17',1),
(2, 'dictum. Proin eget', 'LQO', '2012-06-25 13:23:55',1),
(3, 'In nec orci.', 'OKK', '2014-05-05 14:07:16',1),
(4, 'dis parturient montes,', 'LEJ', '2012-07-21 06:32:25',1),
(5, 'cursus et, eros.', 'PXB', '2013-04-04 06:47:00',1),
(6, 'magna, malesuada vel,', 'OVG', '2013-07-15 07:06:47',1),
(7, 'id, mollis nec,', 'XUA', '2012-07-12 23:49:05',1),
(8, 'sed dictum eleifend,', 'VXZ', '2013-07-20 00:36:50',1),
(9, 'penatibus et magnis', 'ZNT', '2012-08-25 10:05:39',1),
(10, 'lectus quis massa.', 'EIN', '2013-09-23 08:13:41',1),
(11, 'egestas lacinia. Sed', 'SXB', '2014-04-13 20:00:05',1),
(12, 'Mauris quis turpis', 'CLA', '2013-04-22 11:27:40',2),
(13, 'Nunc ullamcorper, velit', 'ICO', '2013-08-21 00:56:27',2),
(14, 'tempor lorem, eget', 'XVA', '2013-08-06 09:42:24',2),
(15, 'ut ipsum ac', 'PAG', '2013-03-23 21:15:45',2),
(16, 'quis massa. Mauris', 'YFB', '2013-03-08 14:16:07',2),
(17, 'dictum mi, ac', 'TVJ', '2013-03-09 19:19:23',2),
(18, 'nec ante. Maecenas', 'EWR', '2012-07-14 11:18:32',2),
(19, 'Phasellus nulla. Integer', 'UTA', '2012-07-05 21:41:53',2),
(20, 'enim mi tempor', 'EBP', '2014-05-13 03:42:28',2),
(21, 'parturient montes, nascetur', 'DDK', '2014-05-14 15:07:39',2),
(22, 'sed orci lobortis', 'ZLW', '2013-06-17 12:00:33',2),
(23, 'et ipsum cursus', 'MDZ', '2013-09-30 12:25:46',2);

ALTER TABLE `customers`
  ADD CONSTRAINT `customers2_fk` FOREIGN KEY (`user_id`) REFERENCES `users` (`id`);

ALTER TABLE `products`
  ADD CONSTRAINT `product_fk` FOREIGN KEY (`user_id`) REFERENCES `users` (`id`);


